-- 组织架构初始化数据（使用 INSERT IGNORE 避免重复插入错误）
INSERT IGNORE INTO organization (id, name, parent_ids, type, parent_id) VALUES (1, '根节点', '/', 0, null);
INSERT IGNORE INTO organization (id, name, parent_ids, type, parent_id) VALUES (2, '水浒传', '/1/', 0, 1);
INSERT IGNORE INTO organization (id, name, parent_ids, type, parent_id) VALUES (3, '测试账号', '/1/', 0, 1);

INSERT IGNORE INTO resource (id, icon, name, parent_ids, permission, type, url, parent_id) VALUES (1, null, '根节点', null, '*', null, null, null);
INSERT IGNORE INTO resource (id, icon, name, parent_ids, permission, type, url, parent_id) VALUES (2, 'Odometer', '仪表盘', null, 'dashboard', 0, '/dashboard', 1);
INSERT IGNORE INTO resource (id, icon, name, parent_ids, permission, type, url, parent_id) VALUES (3, 'SetUp', '系统管理', null, 'sys', 0, '/sys', 1);
INSERT IGNORE INTO resource (id, icon, name, parent_ids, permission, type, url, parent_id) VALUES (4, 'User', '用户管理', null, 'user:view', 0, '/users', 3);
INSERT IGNORE INTO resource (id, icon, name, parent_ids, permission, type, url, parent_id) VALUES (5, 'Tickets', '角色管理', null, 'role:view', 0, '/roles', 3);
INSERT IGNORE INTO resource (id, icon, name, parent_ids, permission, type, url, parent_id) VALUES (6, 'Collection', '权限资源', null, 'resource:view', 0, '/resources', 3);
INSERT IGNORE INTO resource (id, icon, name, parent_ids, permission, type, url, parent_id) VALUES (7, null, '查看用户', null, 'user:view', 1, null, 4);
INSERT IGNORE INTO resource (id, icon, name, parent_ids, permission, type, url, parent_id) VALUES (8, null, '新增用户', null, 'user:create', 1, null, 4);
INSERT IGNORE INTO resource (id, icon, name, parent_ids, permission, type, url, parent_id) VALUES (9, null, '修改用户', null, 'user:update', 1, null, 4);
INSERT IGNORE INTO resource (id, icon, name, parent_ids, permission, type, url, parent_id) VALUES (10, null, '删除用户', null, 'user:delete', 1, null, 4);
INSERT IGNORE INTO resource (id, icon, name, parent_ids, permission, type, url, parent_id) VALUES (11, null, '查看角色', null, 'role:view', 1, null, 5);
INSERT IGNORE INTO resource (id, icon, name, parent_ids, permission, type, url, parent_id) VALUES (12, null, '新增角色', null, 'role:create', 1, null, 5);
INSERT IGNORE INTO resource (id, icon, name, parent_ids, permission, type, url, parent_id) VALUES (13, null, '修改角色', null, 'role:update', 1, null, 5);
INSERT IGNORE INTO resource (id, icon, name, parent_ids, permission, type, url, parent_id) VALUES (14, null, '删除角色', null, 'role:delete', 1, null, 5);
INSERT IGNORE INTO resource (id, icon, name, parent_ids, permission, type, url, parent_id) VALUES (15, null, '查看资源', null, 'resource:view', 1, null, 6);
INSERT IGNORE INTO resource (id, icon, name, parent_ids, permission, type, url, parent_id) VALUES (16, null, '新增资源', null, 'resource:create', 1, null, 6);
INSERT IGNORE INTO resource (id, icon, name, parent_ids, permission, type, url, parent_id) VALUES (17, null, '修改资源', null, 'resource:update', 1, null, 6);
INSERT IGNORE INTO resource (id, icon, name, parent_ids, permission, type, url, parent_id) VALUES (18, null, '删除资源', null, 'resource:delete', 1, null, 6);
INSERT IGNORE INTO resource (id, icon, name, parent_ids, permission, type, url, parent_id) VALUES (19, null, '新增组织架构', null, 'organization:create', 1, null, 4);
INSERT IGNORE INTO resource (id, icon, name, parent_ids, permission, type, url, parent_id) VALUES (20, null, '修改组织架构', null, 'organization:update', 1, null, 4);
INSERT IGNORE INTO resource (id, icon, name, parent_ids, permission, type, url, parent_id) VALUES (21, null, '删除组织架构', null, 'organization:delete', 1, null, 4);
INSERT IGNORE INTO resource (id, icon, name, parent_ids, permission, type, url, parent_id) VALUES (22, 'Timer', '操作日志', null, 'log:view', 0, '/logs', 3);
INSERT IGNORE INTO resource (id, icon, name, parent_ids, permission, type, url, parent_id) VALUES (23, null, '清空日志', null, 'log:clean', 1, null, 22);
INSERT IGNORE INTO resource (id, icon, name, parent_ids, permission, type, url, parent_id) VALUES (24, null, '查看日志', null, 'log:view', 1, null, 22);
INSERT IGNORE INTO resource (id, icon, name, parent_ids, permission, type, url, parent_id) VALUES (25, 'Files', '对象存储', null, 'storage:view', 0, '/storage', 3);
INSERT IGNORE INTO resource (id, icon, name, parent_ids, permission, type, url, parent_id) VALUES (26, null, '查看对象存储', null, 'storage:view', 1, null, 25);
INSERT IGNORE INTO resource (id, icon, name, parent_ids, permission, type, url, parent_id) VALUES (27, null, '新增对象存储', null, 'storage:create', 1, null, 25);
INSERT IGNORE INTO resource (id, icon, name, parent_ids, permission, type, url, parent_id) VALUES (28, null, '更新对象存储', null, 'storage:update', 1, null, 25);
INSERT IGNORE INTO resource (id, icon, name, parent_ids, permission, type, url, parent_id) VALUES (29, null, '删除对象存储', null, 'storage:delete', 1, null, 25);
INSERT IGNORE INTO resource (id, icon, name, parent_ids, permission, type, url, parent_id) VALUES (30, null, '设置默认存储', null, 'storage:markAsDefault', 1, null, 25);
INSERT IGNORE INTO resource (id, icon, name, parent_ids, permission, type, url, parent_id) VALUES (32, 'VideoCameraFilled', 'GPU设备管理', null, 'gpu', 0, '/gpu', 3);
INSERT IGNORE INTO resource (id, icon, name, parent_ids, permission, type, url, parent_id) VALUES (35, null, '删除GPU设备', null, 'gpu:release', 1, null, 32);
INSERT IGNORE INTO resource (id, icon, name, parent_ids, permission, type, url, parent_id) VALUES (36, null, '查看GPU设备', null, 'gpu:view', 1, null, 32);
INSERT IGNORE INTO resource (id, icon, name, parent_ids, permission, type, url, parent_id) VALUES (37, null, '修改GPU设备信息', null, 'gpu:modify', 1, null, 32);
INSERT IGNORE INTO resource (id, icon, name, parent_ids, permission, type, url, parent_id) VALUES (41, 'Collection', '服务器管理', null, 'server:view', 0, '/server', 3);
INSERT IGNORE INTO resource (id, icon, name, parent_ids, permission, type, url, parent_id) VALUES (42, null, '查看服务器', null, 'server:view', 1, null, 41);
INSERT IGNORE INTO resource (id, icon, name, parent_ids, permission, type, url, parent_id) VALUES (43, null, '更新服务器', null, 'server:modify', 1, null, 41);
INSERT IGNORE INTO resource (id, icon, name, parent_ids, permission, type, url, parent_id) VALUES (44, null, '删除服务器', null, 'server:delete', 1, null, 41);
INSERT IGNORE INTO resource (id, icon, name, parent_ids, permission, type, url, parent_id) VALUES (48, 'Document', '沙盒环境', null, 'sandbox', 0, '', 3);
INSERT IGNORE INTO resource (id, icon, name, parent_ids, permission, type, url, parent_id) VALUES (50, null, '沙盒充值', null, 'sandbox:wallet:recharge', 1, null, 48);
INSERT IGNORE INTO resource (id, icon, name, parent_ids, permission, type, url, parent_id) VALUES (61, 'Collection', '任务管理', null, 'task:all', 0, '/task', 3);
INSERT IGNORE INTO resource (id, icon, name, parent_ids, permission, type, url, parent_id) VALUES (62, null, '查看任务', null, 'task:all', 1, null, 61);
INSERT IGNORE INTO resource (id, icon, name, parent_ids, permission, type, url, parent_id) VALUES (63, 'Coin', '应用中心', null, 'application', 0, '', 1);
INSERT IGNORE INTO resource (id, icon, name, parent_ids, permission, type, url, parent_id) VALUES (64, 'Reading', '租借GPU设备', null, 'gpu:isRentable:view', 0, '/rent', 63);
INSERT IGNORE INTO resource (id, icon, name, parent_ids, permission, type, url, parent_id) VALUES (65, null, '查看可租借GPU设备', null, 'gpu:isRentable:view', 1, null, 64);
INSERT IGNORE INTO resource (id, icon, name, parent_ids, permission, type, url, parent_id) VALUES (67, null, '租借GPU设备', null, 'gpu:lease', 1, null, 64);
INSERT IGNORE INTO resource (id, icon, name, parent_ids, permission, type, url, parent_id) VALUES (68, 'Collection', '我的任务', null, 'task:me', 0, '/my/task', 63);
INSERT IGNORE INTO resource (id, icon, name, parent_ids, permission, type, url, parent_id) VALUES (69, null, '查看任务', null, 'task:me', 1, null, 68);
INSERT IGNORE INTO resource (id, icon, name, parent_ids, permission, type, url, parent_id) VALUES (70, null, '任务日志', null, 'task:log', 1, null, 68);
INSERT IGNORE INTO resource (id, icon, name, parent_ids, permission, type, url, parent_id) VALUES (71, null, '完成任务', null, 'task:finish', 1, null, 68);
INSERT IGNORE INTO resource (id, icon, name, parent_ids, permission, type, url, parent_id) VALUES (72, null, '导出数据', null, 'task:data:export', 1, null, 68);
INSERT IGNORE INTO resource (id, icon, name, parent_ids, permission, type, url, parent_id) VALUES (73, 'Collection', '我的钱包', null, 'wallet:my', 0, '/wallet', 63);
INSERT IGNORE INTO resource (id, icon, name, parent_ids, permission, type, url, parent_id) VALUES (74, null, '查看钱包', null, 'wallet:my', 1, null, 73);
INSERT IGNORE INTO resource (id, icon, name, parent_ids, permission, type, url, parent_id) VALUES (75, 'Files', '我的镜像', null, 'dockerImage:me', 0, '/docker/image', 63);
INSERT IGNORE INTO resource (id, icon, name, parent_ids, permission, type, url, parent_id) VALUES (76, null, '查看镜像', null, 'dockerImage:me', 1, null, 75);
INSERT IGNORE INTO resource (id, icon, name, parent_ids, permission, type, url, parent_id) VALUES (77, null, '上传镜像', null, 'dockerImage:upload', 1, null, 75);


INSERT IGNORE INTO role (id, available, description, name) VALUES (1, true, '超级管理员可以对企业内的所有用户进行管理，请谨慎修改超管权限', '超级管理员');
INSERT IGNORE INTO role (id, available, description, name) VALUES (2, true, '项目开发人员', '开发者');
INSERT IGNORE INTO role (id, available, description, name) VALUES (3, true, '普通的用户', '普通用户');
INSERT IGNORE INTO role (id, available, description, name) VALUES (4, false, '只能查看的角色', '游客');
INSERT IGNORE INTO role (id, available, description, name) VALUES (5, false, '', '测试');


INSERT IGNORE INTO role_resource (role_id, resource_id) VALUES (1, 2);
INSERT IGNORE INTO role_resource (role_id, resource_id) VALUES (2, 2);
INSERT IGNORE INTO role_resource (role_id, resource_id) VALUES (3, 2);
INSERT IGNORE INTO role_resource (role_id, resource_id) VALUES (4, 2);
INSERT IGNORE INTO role_resource (role_id, resource_id) VALUES (1, 3);
INSERT IGNORE INTO role_resource (role_id, resource_id) VALUES (2, 3);
INSERT IGNORE INTO role_resource (role_id, resource_id) VALUES (4, 3);
INSERT IGNORE INTO role_resource (role_id, resource_id) VALUES (1, 4);
INSERT IGNORE INTO role_resource (role_id, resource_id) VALUES (4, 4);
INSERT IGNORE INTO role_resource (role_id, resource_id) VALUES (1, 5);
INSERT IGNORE INTO role_resource (role_id, resource_id) VALUES (4, 5);
INSERT IGNORE INTO role_resource (role_id, resource_id) VALUES (1, 6);
INSERT IGNORE INTO role_resource (role_id, resource_id) VALUES (2, 6);
INSERT IGNORE INTO role_resource (role_id, resource_id) VALUES (4, 6);
INSERT IGNORE INTO role_resource (role_id, resource_id) VALUES (1, 7);
INSERT IGNORE INTO role_resource (role_id, resource_id) VALUES (4, 7);
INSERT IGNORE INTO role_resource (role_id, resource_id) VALUES (1, 8);
INSERT IGNORE INTO role_resource (role_id, resource_id) VALUES (1, 9);
INSERT IGNORE INTO role_resource (role_id, resource_id) VALUES (1, 10);
INSERT IGNORE INTO role_resource (role_id, resource_id) VALUES (1, 11);
INSERT IGNORE INTO role_resource (role_id, resource_id) VALUES (4, 11);
INSERT IGNORE INTO role_resource (role_id, resource_id) VALUES (1, 12);
INSERT IGNORE INTO role_resource (role_id, resource_id) VALUES (1, 13);
INSERT IGNORE INTO role_resource (role_id, resource_id) VALUES (1, 14);
INSERT IGNORE INTO role_resource (role_id, resource_id) VALUES (1, 15);
INSERT IGNORE INTO role_resource (role_id, resource_id) VALUES (2, 15);
INSERT IGNORE INTO role_resource (role_id, resource_id) VALUES (4, 15);
INSERT IGNORE INTO role_resource (role_id, resource_id) VALUES (1, 16);
INSERT IGNORE INTO role_resource (role_id, resource_id) VALUES (2, 16);
INSERT IGNORE INTO role_resource (role_id, resource_id) VALUES (1, 17);
INSERT IGNORE INTO role_resource (role_id, resource_id) VALUES (2, 17);
INSERT IGNORE INTO role_resource (role_id, resource_id) VALUES (1, 18);
INSERT IGNORE INTO role_resource (role_id, resource_id) VALUES (2, 18);
INSERT IGNORE INTO role_resource (role_id, resource_id) VALUES (1, 19);
INSERT IGNORE INTO role_resource (role_id, resource_id) VALUES (1, 20);
INSERT IGNORE INTO role_resource (role_id, resource_id) VALUES (1, 21);
INSERT IGNORE INTO role_resource (role_id, resource_id) VALUES (1, 22);
INSERT IGNORE INTO role_resource (role_id, resource_id) VALUES (2, 22);
INSERT IGNORE INTO role_resource (role_id, resource_id) VALUES (1, 23);
INSERT IGNORE INTO role_resource (role_id, resource_id) VALUES (2, 23);
INSERT IGNORE INTO role_resource (role_id, resource_id) VALUES (1, 24);
INSERT IGNORE INTO role_resource (role_id, resource_id) VALUES (2, 24);
INSERT IGNORE INTO role_resource (role_id, resource_id) VALUES (1, 25);
INSERT IGNORE INTO role_resource (role_id, resource_id) VALUES (2, 25);
INSERT IGNORE INTO role_resource (role_id, resource_id) VALUES (1, 26);
INSERT IGNORE INTO role_resource (role_id, resource_id) VALUES (2, 26);
INSERT IGNORE INTO role_resource (role_id, resource_id) VALUES (1, 27);
INSERT IGNORE INTO role_resource (role_id, resource_id) VALUES (2, 27);
INSERT IGNORE INTO role_resource (role_id, resource_id) VALUES (1, 28);
INSERT IGNORE INTO role_resource (role_id, resource_id) VALUES (2, 28);
INSERT IGNORE INTO role_resource (role_id, resource_id) VALUES (1, 29);
INSERT IGNORE INTO role_resource (role_id, resource_id) VALUES (2, 29);
INSERT IGNORE INTO role_resource (role_id, resource_id) VALUES (1, 30);
INSERT IGNORE INTO role_resource (role_id, resource_id) VALUES (2, 30);
INSERT IGNORE INTO role_resource (role_id, resource_id) VALUES (1, 32);
INSERT IGNORE INTO role_resource (role_id, resource_id) VALUES (1, 35);
INSERT IGNORE INTO role_resource (role_id, resource_id) VALUES (1, 36);
INSERT IGNORE INTO role_resource (role_id, resource_id) VALUES (1, 37);
INSERT IGNORE INTO role_resource (role_id, resource_id) VALUES (1, 41);
INSERT IGNORE INTO role_resource (role_id, resource_id) VALUES (1, 42);
INSERT IGNORE INTO role_resource (role_id, resource_id) VALUES (1, 43);
INSERT IGNORE INTO role_resource (role_id, resource_id) VALUES (1, 44);
INSERT IGNORE INTO role_resource (role_id, resource_id) VALUES (1, 48);
INSERT IGNORE INTO role_resource (role_id, resource_id) VALUES (1, 50);
INSERT IGNORE INTO role_resource (role_id, resource_id) VALUES (1, 61);
INSERT IGNORE INTO role_resource (role_id, resource_id) VALUES (1, 62);
INSERT IGNORE INTO role_resource (role_id, resource_id) VALUES (1, 63);
INSERT IGNORE INTO role_resource (role_id, resource_id) VALUES (3, 63);
INSERT IGNORE INTO role_resource (role_id, resource_id) VALUES (1, 64);
INSERT IGNORE INTO role_resource (role_id, resource_id) VALUES (3, 64);
INSERT IGNORE INTO role_resource (role_id, resource_id) VALUES (1, 65);
INSERT IGNORE INTO role_resource (role_id, resource_id) VALUES (3, 65);
INSERT IGNORE INTO role_resource (role_id, resource_id) VALUES (1, 67);
INSERT IGNORE INTO role_resource (role_id, resource_id) VALUES (3, 67);
INSERT IGNORE INTO role_resource (role_id, resource_id) VALUES (1, 68);
INSERT IGNORE INTO role_resource (role_id, resource_id) VALUES (3, 68);
INSERT IGNORE INTO role_resource (role_id, resource_id) VALUES (1, 69);
INSERT IGNORE INTO role_resource (role_id, resource_id) VALUES (3, 69);
INSERT IGNORE INTO role_resource (role_id, resource_id) VALUES (1, 70);
INSERT IGNORE INTO role_resource (role_id, resource_id) VALUES (3, 70);
INSERT IGNORE INTO role_resource (role_id, resource_id) VALUES (1, 71);
INSERT IGNORE INTO role_resource (role_id, resource_id) VALUES (3, 71);
INSERT IGNORE INTO role_resource (role_id, resource_id) VALUES (1, 72);
INSERT IGNORE INTO role_resource (role_id, resource_id) VALUES (3, 72);
INSERT IGNORE INTO role_resource (role_id, resource_id) VALUES (1, 73);
INSERT IGNORE INTO role_resource (role_id, resource_id) VALUES (3, 73);
INSERT IGNORE INTO role_resource (role_id, resource_id) VALUES (1, 74);
INSERT IGNORE INTO role_resource (role_id, resource_id) VALUES (3, 74);
INSERT IGNORE INTO role_resource (role_id, resource_id) VALUES (1, 75);
INSERT IGNORE INTO role_resource (role_id, resource_id) VALUES (3, 75);
INSERT IGNORE INTO role_resource (role_id, resource_id) VALUES (1, 76);
INSERT IGNORE INTO role_resource (role_id, resource_id) VALUES (3, 76);
INSERT IGNORE INTO role_resource (role_id, resource_id) VALUES (1, 77);
INSERT IGNORE INTO role_resource (role_id, resource_id) VALUES (3, 77);


INSERT IGNORE INTO session (id, data, expire_time, last_login_time, last_modified_time, token, credential_id) VALUES (92, '{"token":"1f9ada10c81445c790f5daf4accc2cb9","userId":1,"username":"admin","avatar":"avatar.jpg","credential":{"identifier":"admin","type":"PASSWORD"},"permissions":["user:view","role:update","dockerImage:upload","resource:create","gpu:release","resource:view","sys","task:log","server:modify","gpu:view","organization:create","log:clean","user:create","storage:update","gpu:modify","gpu:lease","storage:markAsDefault","sandbox:wallet:recharge","role:view","gpu:isRentable:view","role:delete","dockerImage:me","dashboard","wallet:my","organization:delete","user:delete","log:view","resource:delete","sandbox","user:update","storage:delete","task:finish","gpu","task:all","storage:view","task:me","role:create","application","storage:create","server:delete","resource:update","organization:update","server:view","task:data:export"]}', '2025-10-26 01:46:02.116884', '2025-10-09 11:12:12.375601', '2025-10-18 17:46:05.000000', '1f9ada10c81445c790f5daf4accc2cb9', 1);


INSERT IGNORE INTO user (id, avatar, created_time, gender, state, username, organization_id) VALUES (1, 'avatar.jpg', '2023-01-05 17:16:11.000000', 0, 0, 'admin', 1);
INSERT IGNORE INTO user (id, avatar, created_time, gender, state, username, organization_id) VALUES (2, 'avatar.jpg', '2023-01-05 17:16:11.000000', 1, 0, 'employee', 3);
INSERT IGNORE INTO user (id, avatar, created_time, gender, state, username, organization_id) VALUES (3, 'avatar.jpg', '2023-01-05 17:16:11.000000', 0, 0, 'guest', 3);
INSERT IGNORE INTO user (id, avatar, created_time, gender, state, username, organization_id) VALUES (202, 'avatar.jpg', '2023-01-05 17:16:11.000000', 0, 0, '呼保义宋江 ', 2);
INSERT IGNORE INTO user (id, avatar, created_time, gender, state, username, organization_id) VALUES (203, 'avatar.jpg', '2023-01-05 17:16:11.000000', 0, 0, '玉麒麟卢俊义', 2);
INSERT IGNORE INTO user (id, avatar, created_time, gender, state, username, organization_id) VALUES (204, 'avatar.jpg', '2023-01-05 17:16:11.000000', 0, 0, '智多星吴用', 2);
INSERT IGNORE INTO user (id, avatar, created_time, gender, state, username, organization_id) VALUES (205, 'avatar.jpg', '2023-01-05 17:16:11.000000', 0, 0, '入云龙公孙胜', 2);
INSERT IGNORE INTO user (id, avatar, created_time, gender, state, username, organization_id) VALUES (206, 'avatar.jpg', '2023-01-05 17:16:11.000000', 0, 0, '大刀关胜', 2);
INSERT IGNORE INTO user (id, avatar, created_time, gender, state, username, organization_id) VALUES (207, 'avatar.jpg', '2023-01-05 17:16:11.000000', 0, 0, '豹子头林冲', 2);
INSERT IGNORE INTO user (id, avatar, created_time, gender, state, username, organization_id) VALUES (208, 'avatar.jpg', '2023-01-05 17:16:11.000000', 0, 0, '霹雳火秦明', 2);
INSERT IGNORE INTO user (id, avatar, created_time, gender, state, username, organization_id) VALUES (209, 'avatar.jpg', '2023-01-05 17:16:11.000000', 0, 1, '双鞭呼延灼', 2);
INSERT IGNORE INTO user (id, avatar, created_time, gender, state, username, organization_id) VALUES (210, 'avatar.jpg', '2023-01-05 17:16:11.000000', 0, 1, '小李广花荣', 2);
INSERT IGNORE INTO user (id, avatar, created_time, gender, state, username, organization_id) VALUES (211, 'avatar.jpg', '2023-01-05 17:16:11.000000', 0, 1, '小旋风柴进', 2);
INSERT IGNORE INTO user (id, avatar, created_time, gender, state, username, organization_id) VALUES (212, 'avatar.jpg', '2023-01-05 17:16:11.000000', 0, 1, '扑天雕李应', 2);
INSERT IGNORE INTO user (id, avatar, created_time, gender, state, username, organization_id) VALUES (213, 'avatar.jpg', '2023-01-05 17:16:11.000000', 0, 0, '美髯公朱仝', 2);
INSERT IGNORE INTO user (id, avatar, created_time, gender, state, username, organization_id) VALUES (214, 'avatar.jpg', '2023-01-05 17:16:11.000000', 0, 0, '花和尚鲁智深', 2);
INSERT IGNORE INTO user (id, avatar, created_time, gender, state, username, organization_id) VALUES (215, 'avatar.jpg', '2023-01-05 17:16:11.000000', 0, 0, '行者武松', 2);
INSERT IGNORE INTO user (id, avatar, created_time, gender, state, username, organization_id) VALUES (216, 'avatar.jpg', '2023-01-05 17:16:11.000000', 0, 0, '双抢将董平', 2);
INSERT IGNORE INTO user (id, avatar, created_time, gender, state, username, organization_id) VALUES (217, 'avatar.jpg', '2023-01-05 17:16:11.000000', 0, 0, '没羽箭张清', 2);
INSERT IGNORE INTO user (id, avatar, created_time, gender, state, username, organization_id) VALUES (218, 'avatar.jpg', '2023-01-05 17:16:11.000000', 0, 0, '青面兽杨志', 2);
INSERT IGNORE INTO user (id, avatar, created_time, gender, state, username, organization_id) VALUES (219, 'avatar.jpg', '2023-01-05 17:16:11.000000', 0, 0, '金抢手徐宁', 2);
INSERT IGNORE INTO user (id, avatar, created_time, gender, state, username, organization_id) VALUES (220, 'avatar.jpg', '2023-01-05 17:16:11.000000', 0, 0, '急先锋索超', 2);
INSERT IGNORE INTO user (id, avatar, created_time, gender, state, username, organization_id) VALUES (221, 'avatar.jpg', '2023-01-05 17:16:11.000000', 0, 0, '神行太保戴宗', 2);
INSERT IGNORE INTO user (id, avatar, created_time, gender, state, username, organization_id) VALUES (222, 'avatar.jpg', '2023-01-05 17:16:11.000000', 0, 0, '赤发鬼刘唐', 2);
INSERT IGNORE INTO user (id, avatar, created_time, gender, state, username, organization_id) VALUES (223, 'avatar.jpg', '2023-01-05 17:16:11.000000', 0, 0, '黑旋风李逵', 2);
INSERT IGNORE INTO user (id, avatar, created_time, gender, state, username, organization_id) VALUES (224, 'avatar.jpg', '2023-01-05 17:16:11.000000', 0, 0, '九纹龙史进', 2);
INSERT IGNORE INTO user (id, avatar, created_time, gender, state, username, organization_id) VALUES (225, 'avatar.jpg', '2023-01-05 17:16:11.000000', 0, 0, '没遮拦穆弘', 2);
INSERT IGNORE INTO user (id, avatar, created_time, gender, state, username, organization_id) VALUES (226, 'avatar.jpg', '2023-01-05 17:16:11.000000', 0, 0, '插翅虎雷横', 2);
INSERT IGNORE INTO user (id, avatar, created_time, gender, state, username, organization_id) VALUES (227, 'avatar.jpg', '2023-01-05 17:16:11.000000', 0, 0, '混江龙李俊', 2);
INSERT IGNORE INTO user (id, avatar, created_time, gender, state, username, organization_id) VALUES (228, 'avatar.jpg', '2023-01-05 17:16:11.000000', 0, 0, '立地太岁阮小二', 2);
INSERT IGNORE INTO user (id, avatar, created_time, gender, state, username, organization_id) VALUES (229, 'avatar.jpg', '2023-01-05 17:16:11.000000', 0, 0, '船火儿张横', 2);
INSERT IGNORE INTO user (id, avatar, created_time, gender, state, username, organization_id) VALUES (230, 'avatar.jpg', '2023-01-05 17:16:11.000000', 0, 0, '短命二郎阮小五', 2);
INSERT IGNORE INTO user (id, avatar, created_time, gender, state, username, organization_id) VALUES (231, 'avatar.jpg', '2023-01-05 17:16:11.000000', 0, 0, '浪里白条张顺', 2);
INSERT IGNORE INTO user (id, avatar, created_time, gender, state, username, organization_id) VALUES (232, 'avatar.jpg', '2023-01-05 17:16:11.000000', 0, 0, '活阎罗阮小七', 2);
INSERT IGNORE INTO user (id, avatar, created_time, gender, state, username, organization_id) VALUES (233, 'avatar.jpg', '2023-01-05 17:16:11.000000', 0, 0, '病关索扬雄', 2);
INSERT IGNORE INTO user (id, avatar, created_time, gender, state, username, organization_id) VALUES (234, 'avatar.jpg', '2023-01-05 17:16:11.000000', 0, 0, '拼命三郎石秀', 2);
INSERT IGNORE INTO user (id, avatar, created_time, gender, state, username, organization_id) VALUES (235, 'avatar.jpg', '2023-01-05 17:16:11.000000', 0, 0, '两头蛇解珍', 2);
INSERT IGNORE INTO user (id, avatar, created_time, gender, state, username, organization_id) VALUES (236, 'avatar.jpg', '2023-01-05 17:16:11.000000', 0, 0, '双尾蝎解宝', 2);
INSERT IGNORE INTO user (id, avatar, created_time, gender, state, username, organization_id) VALUES (237, 'avatar.jpg', '2023-01-05 17:16:11.000000', 0, 0, '浪子燕青', 2);
INSERT IGNORE INTO user (id, avatar, created_time, gender, state, username, organization_id) VALUES (238, 'avatar.jpg', '2023-01-05 17:16:11.000000', 0, 0, '神机军师朱武', 2);
INSERT IGNORE INTO user (id, avatar, created_time, gender, state, username, organization_id) VALUES (239, 'avatar.jpg', '2023-01-05 17:16:11.000000', 0, 0, '镇三山黄信', 2);
INSERT IGNORE INTO user (id, avatar, created_time, gender, state, username, organization_id) VALUES (240, 'avatar.jpg', '2023-01-05 17:16:11.000000', 0, 0, '病尉迟孙立', 2);
INSERT IGNORE INTO user (id, avatar, created_time, gender, state, username, organization_id) VALUES (241, 'avatar.jpg', '2023-01-05 17:16:11.000000', 0, 0, '丑郡马宣赞', 2);
INSERT IGNORE INTO user (id, avatar, created_time, gender, state, username, organization_id) VALUES (242, 'avatar.jpg', '2023-01-05 17:16:11.000000', 0, 0, '井木犴郝思文', 2);
INSERT IGNORE INTO user (id, avatar, created_time, gender, state, username, organization_id) VALUES (243, 'avatar.jpg', '2023-01-05 17:16:11.000000', 0, 0, '百胜将韩滔', 2);
INSERT IGNORE INTO user (id, avatar, created_time, gender, state, username, organization_id) VALUES (244, 'avatar.jpg', '2023-01-05 17:16:11.000000', 0, 0, '天目将彭玘', 2);
INSERT IGNORE INTO user (id, avatar, created_time, gender, state, username, organization_id) VALUES (245, 'avatar.jpg', '2023-01-05 17:16:11.000000', 0, 0, '圣水将单廷圭', 2);
INSERT IGNORE INTO user (id, avatar, created_time, gender, state, username, organization_id) VALUES (246, 'avatar.jpg', '2023-01-05 17:16:11.000000', 0, 0, '神火将魏定国', 2);
INSERT IGNORE INTO user (id, avatar, created_time, gender, state, username, organization_id) VALUES (247, 'avatar.jpg', '2023-01-05 17:16:11.000000', 0, 0, '圣手书生萧让', 2);
INSERT IGNORE INTO user (id, avatar, created_time, gender, state, username, organization_id) VALUES (248, 'avatar.jpg', '2023-01-05 17:16:11.000000', 0, 0, '铁面孔目裴宣', 2);
INSERT IGNORE INTO user (id, avatar, created_time, gender, state, username, organization_id) VALUES (249, 'avatar.jpg', '2023-01-05 17:16:11.000000', 0, 0, '摩云金翅欧鹏', 2);
INSERT IGNORE INTO user (id, avatar, created_time, gender, state, username, organization_id) VALUES (250, 'avatar.jpg', '2023-01-05 17:16:11.000000', 0, 0, '火眼狻猊邓飞', 2);
INSERT IGNORE INTO user (id, avatar, created_time, gender, state, username, organization_id) VALUES (251, 'avatar.jpg', '2023-01-05 17:16:11.000000', 0, 0, '锦毛虎燕顺', 2);
INSERT IGNORE INTO user (id, avatar, created_time, gender, state, username, organization_id) VALUES (252, 'avatar.jpg', '2023-01-05 17:16:11.000000', 0, 0, '锦豹子杨林', 2);
INSERT IGNORE INTO user (id, avatar, created_time, gender, state, username, organization_id) VALUES (253, 'avatar.jpg', '2023-01-05 17:16:11.000000', 0, 0, '轰天雷凌振', 2);
INSERT IGNORE INTO user (id, avatar, created_time, gender, state, username, organization_id) VALUES (254, 'avatar.jpg', '2023-01-05 17:16:11.000000', 0, 0, '神算子蒋敬', 2);
INSERT IGNORE INTO user (id, avatar, created_time, gender, state, username, organization_id) VALUES (255, 'avatar.jpg', '2023-01-05 17:16:11.000000', 0, 0, '小温侯吕方', 2);
INSERT IGNORE INTO user (id, avatar, created_time, gender, state, username, organization_id) VALUES (256, 'avatar.jpg', '2023-01-05 17:16:11.000000', 0, 0, '赛仁贵郭盛', 2);
INSERT IGNORE INTO user (id, avatar, created_time, gender, state, username, organization_id) VALUES (257, 'avatar.jpg', '2023-01-05 17:16:11.000000', 0, 0, '神医安道全', 2);
INSERT IGNORE INTO user (id, avatar, created_time, gender, state, username, organization_id) VALUES (258, 'avatar.jpg', '2023-01-05 17:16:11.000000', 0, 0, '紫髯伯皇甫端', 2);
INSERT IGNORE INTO user (id, avatar, created_time, gender, state, username, organization_id) VALUES (259, 'avatar.jpg', '2023-01-05 17:16:11.000000', 0, 0, '矮脚虎王英', 2);
INSERT IGNORE INTO user (id, avatar, created_time, gender, state, username, organization_id) VALUES (260, 'avatar.jpg', '2023-01-05 17:16:11.000000', 1, 0, '一丈青扈三娘', 2);
INSERT IGNORE INTO user (id, avatar, created_time, gender, state, username, organization_id) VALUES (261, 'avatar.jpg', '2023-01-05 17:16:11.000000', 0, 0, '丧门神鲍旭', 2);
INSERT IGNORE INTO user (id, avatar, created_time, gender, state, username, organization_id) VALUES (262, 'avatar.jpg', '2023-01-05 17:16:11.000000', 0, 0, '混世魔王樊瑞', 2);
INSERT IGNORE INTO user (id, avatar, created_time, gender, state, username, organization_id) VALUES (263, 'avatar.jpg', '2023-01-05 17:16:11.000000', 0, 0, '毛头星孔明', 2);
INSERT IGNORE INTO user (id, avatar, created_time, gender, state, username, organization_id) VALUES (264, 'avatar.jpg', '2023-01-05 17:16:11.000000', 0, 0, '独火星孔亮', 2);
INSERT IGNORE INTO user (id, avatar, created_time, gender, state, username, organization_id) VALUES (265, 'avatar.jpg', '2023-01-05 17:16:11.000000', 0, 0, '八臂哪吒项充', 2);
INSERT IGNORE INTO user (id, avatar, created_time, gender, state, username, organization_id) VALUES (266, 'avatar.jpg', '2023-01-05 17:16:11.000000', 0, 0, '飞天大圣李衮', 2);
INSERT IGNORE INTO user (id, avatar, created_time, gender, state, username, organization_id) VALUES (267, 'avatar.jpg', '2023-01-05 17:16:11.000000', 0, 0, '玉臂匠金大坚', 2);
INSERT IGNORE INTO user (id, avatar, created_time, gender, state, username, organization_id) VALUES (268, 'avatar.jpg', '2023-01-05 17:16:11.000000', 0, 0, '铁笛仙马麟', 2);
INSERT IGNORE INTO user (id, avatar, created_time, gender, state, username, organization_id) VALUES (269, 'avatar.jpg', '2023-01-05 17:16:11.000000', 0, 0, '出洞蛟童威', 2);
INSERT IGNORE INTO user (id, avatar, created_time, gender, state, username, organization_id) VALUES (270, 'avatar.jpg', '2023-01-05 17:16:11.000000', 0, 0, '翻江蜃童猛', 2);
INSERT IGNORE INTO user (id, avatar, created_time, gender, state, username, organization_id) VALUES (271, 'avatar.jpg', '2023-01-05 17:16:11.000000', 0, 0, '玉幡竿孟康', 2);
INSERT IGNORE INTO user (id, avatar, created_time, gender, state, username, organization_id) VALUES (272, 'avatar.jpg', '2023-01-05 17:16:11.000000', 0, 0, '通臂猿侯健', 2);
INSERT IGNORE INTO user (id, avatar, created_time, gender, state, username, organization_id) VALUES (273, 'avatar.jpg', '2023-01-05 17:16:11.000000', 0, 0, '跳涧虎陈达', 2);
INSERT IGNORE INTO user (id, avatar, created_time, gender, state, username, organization_id) VALUES (274, 'avatar.jpg', '2023-01-05 17:16:11.000000', 0, 0, '白花蛇杨春', 2);
INSERT IGNORE INTO user (id, avatar, created_time, gender, state, username, organization_id) VALUES (275, 'avatar.jpg', '2023-01-05 17:16:11.000000', 0, 0, '白面郎君郑天寿', 2);
INSERT IGNORE INTO user (id, avatar, created_time, gender, state, username, organization_id) VALUES (276, 'avatar.jpg', '2023-01-05 17:16:11.000000', 0, 0, '九尾龟陶宗旺', 2);
INSERT IGNORE INTO user (id, avatar, created_time, gender, state, username, organization_id) VALUES (277, 'avatar.jpg', '2023-01-05 17:16:11.000000', 0, 0, '铁扇子宋清', 2);
INSERT IGNORE INTO user (id, avatar, created_time, gender, state, username, organization_id) VALUES (278, 'avatar.jpg', '2023-01-05 17:16:11.000000', 0, 0, '铁叫子乐和', 2);
INSERT IGNORE INTO user (id, avatar, created_time, gender, state, username, organization_id) VALUES (279, 'avatar.jpg', '2023-01-05 17:16:11.000000', 0, 0, '花项虎龚旺', 2);
INSERT IGNORE INTO user (id, avatar, created_time, gender, state, username, organization_id) VALUES (280, 'avatar.jpg', '2023-01-05 17:16:11.000000', 0, 0, '中箭虎丁得孙', 2);
INSERT IGNORE INTO user (id, avatar, created_time, gender, state, username, organization_id) VALUES (281, 'avatar.jpg', '2023-01-05 17:16:11.000000', 0, 0, '小遮拦穆春', 2);
INSERT IGNORE INTO user (id, avatar, created_time, gender, state, username, organization_id) VALUES (282, 'avatar.jpg', '2023-01-05 17:16:11.000000', 0, 0, '操刀鬼曹正', 2);
INSERT IGNORE INTO user (id, avatar, created_time, gender, state, username, organization_id) VALUES (283, 'avatar.jpg', '2023-01-05 17:16:11.000000', 0, 0, '云里金刚宋万', 2);
INSERT IGNORE INTO user (id, avatar, created_time, gender, state, username, organization_id) VALUES (284, 'avatar.jpg', '2023-01-05 17:16:11.000000', 0, 0, '摸着天杜迁', 2);
INSERT IGNORE INTO user (id, avatar, created_time, gender, state, username, organization_id) VALUES (285, 'avatar.jpg', '2023-01-05 17:16:11.000000', 0, 0, '病大虫薛永', 2);
INSERT IGNORE INTO user (id, avatar, created_time, gender, state, username, organization_id) VALUES (286, 'avatar.jpg', '2023-01-05 17:16:11.000000', 0, 0, '金眼彪施恩', 2);
INSERT IGNORE INTO user (id, avatar, created_time, gender, state, username, organization_id) VALUES (287, 'avatar.jpg', '2023-01-05 17:16:11.000000', 0, 0, '打虎将李忠', 2);
INSERT IGNORE INTO user (id, avatar, created_time, gender, state, username, organization_id) VALUES (288, 'avatar.jpg', '2023-01-05 17:16:11.000000', 0, 0, '小霸王周通', 2);
INSERT IGNORE INTO user (id, avatar, created_time, gender, state, username, organization_id) VALUES (289, 'avatar.jpg', '2023-01-05 17:16:11.000000', 0, 0, '金钱豹子汤隆', 2);
INSERT IGNORE INTO user (id, avatar, created_time, gender, state, username, organization_id) VALUES (290, 'avatar.jpg', '2023-01-05 17:16:11.000000', 0, 0, '鬼脸儿杜兴', 2);
INSERT IGNORE INTO user (id, avatar, created_time, gender, state, username, organization_id) VALUES (291, 'avatar.jpg', '2023-01-05 17:16:11.000000', 0, 0, '出林龙邹渊', 2);
INSERT IGNORE INTO user (id, avatar, created_time, gender, state, username, organization_id) VALUES (292, 'avatar.jpg', '2023-01-05 17:16:11.000000', 0, 0, '独角龙邹润', 2);
INSERT IGNORE INTO user (id, avatar, created_time, gender, state, username, organization_id) VALUES (293, 'avatar.jpg', '2023-01-05 17:16:11.000000', 0, 0, '旱地忽律朱贵', 2);
INSERT IGNORE INTO user (id, avatar, created_time, gender, state, username, organization_id) VALUES (294, 'avatar.jpg', '2023-01-05 17:16:11.000000', 0, 0, '笑面虎朱富', 2);
INSERT IGNORE INTO user (id, avatar, created_time, gender, state, username, organization_id) VALUES (295, 'avatar.jpg', '2023-01-05 17:16:11.000000', 0, 0, '铁臂膊蔡福', 2);
INSERT IGNORE INTO user (id, avatar, created_time, gender, state, username, organization_id) VALUES (296, 'avatar.jpg', '2023-01-05 17:16:11.000000', 0, 0, '一枝花蔡庆', 2);
INSERT IGNORE INTO user (id, avatar, created_time, gender, state, username, organization_id) VALUES (297, 'avatar.jpg', '2023-01-05 17:16:11.000000', 0, 0, '催命判官李立', 2);
INSERT IGNORE INTO user (id, avatar, created_time, gender, state, username, organization_id) VALUES (298, 'avatar.jpg', '2023-01-05 17:16:11.000000', 0, 0, '青眼虎李云', 2);
INSERT IGNORE INTO user (id, avatar, created_time, gender, state, username, organization_id) VALUES (299, 'avatar.jpg', '2023-01-05 17:16:11.000000', 0, 0, '没面目焦挺', 2);
INSERT IGNORE INTO user (id, avatar, created_time, gender, state, username, organization_id) VALUES (300, 'avatar.jpg', '2023-01-05 17:16:11.000000', 0, 0, '石将军石勇', 2);
INSERT IGNORE INTO user (id, avatar, created_time, gender, state, username, organization_id) VALUES (301, 'avatar.jpg', '2023-01-05 17:16:11.000000', 0, 0, '小尉迟孙新', 2);
INSERT IGNORE INTO user (id, avatar, created_time, gender, state, username, organization_id) VALUES (302, 'avatar.jpg', '2023-01-05 17:16:11.000000', 1, 0, '母大虫顾大嫂', 2);
INSERT IGNORE INTO user (id, avatar, created_time, gender, state, username, organization_id) VALUES (303, 'avatar.jpg', '2023-01-05 17:16:11.000000', 0, 0, '菜园子张青', 2);
INSERT IGNORE INTO user (id, avatar, created_time, gender, state, username, organization_id) VALUES (304, 'avatar.jpg', '2023-01-05 17:16:11.000000', 1, 0, '母夜叉孙二娘', 2);
INSERT IGNORE INTO user (id, avatar, created_time, gender, state, username, organization_id) VALUES (305, 'avatar.jpg', '2023-01-05 17:16:11.000000', 0, 0, '活闪婆王定六', 2);
INSERT IGNORE INTO user (id, avatar, created_time, gender, state, username, organization_id) VALUES (306, 'avatar.jpg', '2023-01-05 17:16:11.000000', 0, 0, '险道神郁保四', 2);
INSERT IGNORE INTO user (id, avatar, created_time, gender, state, username, organization_id) VALUES (307, 'avatar.jpg', '2023-01-05 17:16:11.000000', 0, 0, '白日鼠白 胜', 2);
INSERT IGNORE INTO user (id, avatar, created_time, gender, state, username, organization_id) VALUES (308, 'avatar.jpg', '2023-01-05 17:16:11.000000', 0, 0, '鼓上蚤时迁', 2);
INSERT IGNORE INTO user (id, avatar, created_time, gender, state, username, organization_id) VALUES (309, 'avatar.jpg', '2023-01-05 17:16:11.000000', 0, 0, '金毛犬段景住', 2);
INSERT IGNORE INTO user (id, avatar, created_time, gender, state, username, organization_id) VALUES (310, 'storage/fetch/vsvbz_avatar.png', '2025-10-03 14:52:31.179667', 0, 0, 'admin2', 1);
INSERT IGNORE INTO user (id, avatar, created_time, gender, state, username, organization_id) VALUES (319, 'storage/fetch/byghx_PixPin_2025-10-03_18-23-15.png', '2025-10-03 18:08:26.082718', 0, 0, 'adminTest4', null);


INSERT IGNORE INTO user_credential (id, credential, identifier, identity_type, user_id) VALUES (1, 'a66abb5684c45962d887564f08346e8d', 'admin', 0, 1);
INSERT IGNORE INTO user_credential (id, credential, identifier, identity_type, user_id) VALUES (2, '9c0967753a201ecde21ef29efa514761', 'employee', 0, 2);
INSERT IGNORE INTO user_credential (id, credential, identifier, identity_type, user_id) VALUES (3, 'fe4ceeb01d43a6c29d8f4fe93313c6c1', 'guest', 0, 3);
INSERT IGNORE INTO user_credential (id, credential, identifier, identity_type, user_id) VALUES (14, '4377cb4be609cc8a620541e3ba8a8a13', 'adminTest4', 0, 319);


INSERT IGNORE INTO user_role (user_id, role_id) VALUES (1, 1);
INSERT IGNORE INTO user_role (user_id, role_id) VALUES (203, 1);
INSERT IGNORE INTO user_role (user_id, role_id) VALUES (2, 2);
INSERT IGNORE INTO user_role (user_id, role_id) VALUES (202, 2);
INSERT IGNORE INTO user_role (user_id, role_id) VALUES (302, 2);
INSERT IGNORE INTO user_role (user_id, role_id) VALUES (203, 3);
INSERT IGNORE INTO user_role (user_id, role_id) VALUES (204, 3);
INSERT IGNORE INTO user_role (user_id, role_id) VALUES (205, 3);
INSERT IGNORE INTO user_role (user_id, role_id) VALUES (206, 3);
INSERT IGNORE INTO user_role (user_id, role_id) VALUES (207, 3);
INSERT IGNORE INTO user_role (user_id, role_id) VALUES (208, 3);
INSERT IGNORE INTO user_role (user_id, role_id) VALUES (209, 3);
INSERT IGNORE INTO user_role (user_id, role_id) VALUES (210, 3);
INSERT IGNORE INTO user_role (user_id, role_id) VALUES (211, 3);
INSERT IGNORE INTO user_role (user_id, role_id) VALUES (212, 3);
INSERT IGNORE INTO user_role (user_id, role_id) VALUES (319, 3);
INSERT IGNORE INTO user_role (user_id, role_id) VALUES (3, 4);
